,similar_articles,scores
970284,"[22345050, 17430047, 51676708, 729436, 970251, 37331361, 970360, 704388, 32122845, 1396693]","[0.36768987774848938, 0.36088433861732483, 0.34451672434806824, 0.3257453441619873, 0.29628589749336243, 0.27080750465393066, 0.25706842541694641, 0.23814877867698669, 0.23295235633850098, 0.20278154313564301]"
972913,"[977022, 11037163, 50899941, 1968414, 53984662, 36205810, 4269567, 710421, 2558456, 24243398]","[0.96357101202011108, 0.81860226392745972, 0.20598216354846954, 0.1800161749124527, 0.14357854425907135, 0.14216884970664978, 0.13346371054649353, 0.13159532845020294, 0.12008657306432724, 0.11944948881864548]"
970251,"[39353382, 34921437, 970284, 704388, 970360, 37331361, 729436, 691500, 53874996, 1777080]","[0.8874284029006958, 0.31814265251159668, 0.29628589749336243, 0.23230506479740143, 0.21551598608493805, 0.16124682128429413, 0.15652936697006226, 0.10975199192762375, 0.089838325977325439, 0.076871156692504883]"
729436,"[970284, 704388, 50899941, 1968414, 970251, 970360, 17430047, 37331361, 693519, 27545231]","[0.3257453441619873, 0.209249347448349, 0.19172243773937225, 0.16644175350666046, 0.15652936697006226, 0.14374136924743652, 0.1302788257598877, 0.12838238477706909, 0.11750058084726334, 0.11286197602748871]"
978163,"[978165, 32437215, 43220839, 51511707, 37104213, 34561692, 32401760, 710421, 1765233, 691500]","[0.96303397417068481, 0.35021376609802246, 0.19761410355567932, 0.16810381412506104, 0.14580416679382324, 0.12439019978046417, 0.11747052520513535, 0.10301853716373444, 0.10194999724626541, 0.10164439678192139]"
1764821,"[8174570, 50899941, 54435831, 2558456, 710421, 236573, 31823444, 47186850, 32437215, 1765233]","[0.98046880960464478, 0.11036279797554016, 0.081084452569484711, 0.076050914824008942, 0.069622114300727844, 0.054069366306066513, 0.052126605063676834, 0.049756083637475967, 0.048081152141094208, 0.046906672418117523]"
1765233,"[16566346, 44205344, 1765458, 17430047, 5740890, 691500, 50899941, 710421, 17021807, 1396693]","[0.91296404600143433, 0.59858149290084839, 0.35089579224586487, 0.30653619766235352, 0.27032756805419922, 0.23565049469470978, 0.21357472240924835, 0.1996341347694397, 0.19847390055656433, 0.17554587125778198]"
1765458,"[49528720, 47186850, 1765233, 31823444, 16566346, 31823494, 693519, 19282291, 20777185, 52014686]","[0.43141412734985352, 0.40318968892097473, 0.35089579224586487, 0.30412796139717102, 0.27818557620048523, 0.23105187714099884, 0.21919810771942139, 0.1729537695646286, 0.16136074066162109, 0.14445775747299194]"
1467938,"[8886648, 51676708, 22345050, 17430047, 37331361, 17021807, 24243398, 275388, 4269567, 36205810]","[0.7551841139793396, 0.59661328792572021, 0.36962977051734924, 0.31402593851089478, 0.27196219563484192, 0.17548681795597076, 0.1648186594247818, 0.14762701094150543, 0.13766323029994965, 0.13471870124340057]"
275388,"[113180, 14981609, 22345050, 17430047, 22078621, 4269567, 17021807, 970360, 17862013, 3304092]","[0.40156316757202148, 0.38677731156349182, 0.3595162034034729, 0.3593672513961792, 0.34504562616348267, 0.31066423654556274, 0.31030195951461792, 0.30976229906082153, 0.30356693267822266, 0.30170881748199463]"
970360,"[22078621, 2558456, 1777080, 275388, 704388, 970284, 2352562, 970251, 37331361, 5740890]","[0.71088474988937378, 0.66935855150222778, 0.39815759658813477, 0.30976229906082153, 0.26528477668762207, 0.25706842541694641, 0.24145980179309845, 0.21551598608493805, 0.17829218506813049, 0.16717413067817688]"
1968414,"[972913, 977022, 729436, 1765458, 22345050, 3304092, 17862013, 19282291, 76940, 5625640]","[0.1800161749124527, 0.17026315629482269, 0.16644175350666046, 0.12275009602308273, 0.11340830475091934, 0.10782636702060699, 0.088322848081588745, 0.083670780062675476, 0.079658180475234985, 0.079046241939067841]"
1777080,"[704388, 970360, 976910, 37331361, 24243398, 1396693, 691500, 1765458, 52390011, 970284]","[0.40165558457374573, 0.39815759658813477, 0.26876974105834961, 0.22648213803768158, 0.17931869626045227, 0.13714629411697388, 0.13352285325527191, 0.12134694308042526, 0.11384075134992599, 0.11047689616680145]"
2460099,"[693519, 11004369, 31823494, 31823444, 49475203, 2460103, 19282291, 27545231, 37331361, 52014686]","[0.86132133007049561, 0.58132410049438477, 0.52006494998931885, 0.40782177448272705, 0.35180473327636719, 0.34923475980758667, 0.16804505884647369, 0.14384245872497559, 0.11984352767467499, 0.10408400744199753]"
691500,"[704388, 17021807, 37331361, 710421, 17430047, 1396693, 976910, 3304092, 44318848, 16316304]","[0.86760717630386353, 0.76612019538879395, 0.66987133026123047, 0.62715500593185425, 0.53237676620483398, 0.4369175136089325, 0.31013628840446472, 0.30404222011566162, 0.2966957688331604, 0.24365824460983276]"
2352562,"[2676271, 5141410, 4269567, 5740890, 31903693, 970360, 17862013, 20777185, 22078621, 3304092]","[0.65709477663040161, 0.59081614017486572, 0.48114025592803955, 0.45880740880966187, 0.27703016996383667, 0.24145980179309845, 0.23112118244171143, 0.22999893128871918, 0.22245886921882629, 0.21890366077423096]"
17021807,"[691500, 17430047, 704388, 710421, 37331361, 1396693, 976910, 4269567, 3304092, 275388]","[0.76612019538879395, 0.72349286079406738, 0.64782989025115967, 0.55617737770080566, 0.43659818172454834, 0.4222710132598877, 0.38490495085716248, 0.34188550710678101, 0.32890528440475464, 0.31030195951461792]"
704388,"[691500, 37331361, 17021807, 710421, 17430047, 1777080, 976910, 1396693, 44318848, 3304092]","[0.86760717630386353, 0.74131709337234497, 0.64782989025115967, 0.52664947509765625, 0.42456355690956116, 0.40165558457374573, 0.36352178454399109, 0.29881665110588074, 0.29841896891593933, 0.28508517146110535]"
22806874,"[3304092, 53903332, 53874996, 53920285, 49735416, 42497710, 50899941, 52390011, 970284, 38928070]","[0.31197205185890198, 0.26929605007171631, 0.19270294904708862, 0.12374211102724075, -0.097890764474868774, 0.097886770963668823, 0.084727257490158081, -0.079788483679294586, 0.070509403944015503, 0.069883815944194794]"
20777185,"[19282291, 17862013, 5141410, 36477294, 4269567, 3279728, 47048387, 1846593, 3474408, 275388]","[0.72514313459396362, 0.58509111404418945, 0.44383925199508667, 0.43950951099395752, 0.39196249842643738, 0.38811928033828735, 0.36674401164054871, 0.32281336188316345, 0.30117577314376831, 0.27936485409736633]"
4020758,"[236573, 24243398, 5625640, 3279728, 5740890, 1519473, 17862013, 4269567, 27545231, 8727319]","[0.64075171947479248, 0.39802226424217224, 0.31257402896881104, 0.30690440535545349, 0.27194231748580933, 0.27159926295280457, 0.21109166741371155, 0.20802518725395203, 0.17491348087787628, 0.16249124705791473]"
27545231,"[54094322, 22613851, 21303741, 32122845, 1396693, 44137874, 37104213, 2460103, 693519, 4020758]","[0.34572139382362366, 0.29890093207359314, 0.28138324618339539, 0.26240286231040955, 0.24476593732833862, 0.22349059581756592, 0.21961005032062531, 0.20483754575252533, 0.19782635569572449, 0.17491348087787628]"
17430047,"[17021807, 22345050, 691500, 1396693, 51676708, 704388, 37331361, 970284, 275388, 3304092]","[0.72349286079406738, 0.53538703918457031, 0.53237676620483398, 0.53143656253814697, 0.43312099575996399, 0.42456355690956116, 0.38452494144439697, 0.36088433861732483, 0.3593672513961792, 0.34707745909690857]"
2460103,"[7998150, 693519, 36477294, 31823444, 2460099, 17862013, 37331361, 1519473, 27545231, 31823494]","[0.50313597917556763, 0.48840343952178955, 0.48179709911346436, 0.36082282662391663, 0.34923475980758667, 0.28508093953132629, 0.21894636750221252, 0.20532354712486267, 0.20483754575252533, 0.17345458269119263]"
2676271,"[5141410, 23416702, 2352562, 4269567, 5740890, 6678, 17862013, 20777185, 36205810, 3304092]","[0.7241593599319458, 0.69779872894287109, 0.65709477663040161, 0.62172496318817139, 0.42033717036247253, 0.3314373791217804, 0.27237045764923096, 0.26697438955307007, 0.26604041457176208, 0.2164679616689682]"
22044074,"[4678428, 31903693, 9369613, 1519473, 275388, 44961465, 4269567, 53984662, 5740890, 36205810]","[0.74981987476348877, 0.35390067100524902, 0.33735325932502747, 0.30016809701919556, 0.16561149060726166, 0.14138820767402649, 0.13294136524200439, 0.12464981526136398, 0.11499054729938507, 0.11391264200210571]"
19282291,"[20777185, 17862013, 1846593, 4269567, 236573, 5141410, 3279728, 22345050, 17021807, 691500]","[0.72514313459396362, 0.45738160610198975, 0.35676637291908264, 0.33242905139923096, 0.31500041484832764, 0.30810287594795227, 0.30264469981193542, 0.26428988575935364, 0.24075120687484741, 0.22417294979095459]"
23416702,"[2676271, 4269567, 5141410, 51511707, 6678, 895672, 49538597, 17862013, 36205810, 42614451]","[0.69779872894287109, 0.37243592739105225, 0.29575452208518982, 0.23547102510929108, 0.23296186327934265, 0.22610019147396088, 0.22271418571472168, 0.21816839277744293, 0.19170074164867401, 0.18215145170688629]"
5740890,"[4269567, 5141410, 6678, 36205810, 2352562, 236573, 113180, 2676271, 8526165, 895672]","[0.79755347967147827, 0.69007331132888794, 0.63258177042007446, 0.60788184404373169, 0.45880740880966187, 0.4234737753868103, 0.42285200953483582, 0.42033717036247253, 0.39165660738945007, 0.379620760679245]"
31752133,"[22345050, 4269567, 3304092, 17862013, 3279728, 737610, 36205810, 5625640, 76940, 6678]","[0.46678915619850159, 0.2498563826084137, 0.24183344841003418, 0.22425439953804016, 0.21907281875610352, 0.21004125475883484, 0.20002290606498718, 0.19153310358524323, 0.185299351811409, 0.18302200734615326]"
32122845,"[27545231, 970284, 32624811, 11004369, 2460103, 20777185, 1765458, 19282291, 693519, 31823444]","[0.26240286231040955, 0.23295235633850098, 0.21646374464035034, 0.16174569725990295, 0.15466310083866119, 0.15265583992004395, 0.14293916523456573, 0.14266085624694824, 0.13583828508853912, 0.12285267561674118]"
33069847,"[5205615, 4269567, 36205810, 17862013, 3304092, 6678, 5625640, 5740890, 5141410, 3279728]","[0.66974890232086182, 0.29430034756660461, 0.26240500807762146, 0.25520491600036621, 0.23545533418655396, 0.23336511850357056, 0.2285069078207016, 0.22820185124874115, 0.20933671295642853, 0.19866319000720978]"
32912733,"[54435831, 4269567, 24243398, 17862013, 3304092, 236573, 1519473, 1396693, 5141410, 53874996]","[0.32930135726928711, 0.17553132772445679, 0.17309652268886566, 0.1707470715045929, 0.16566137969493866, 0.16067555546760559, 0.15268945693969727, 0.14561854302883148, 0.14386469125747681, 0.12777525186538696]"
24243398,"[53286797, 22345050, 17862013, 4020758, 4269567, 3304092, 236573, 76940, 3279728, 5740890]","[0.63419318199157715, 0.42304706573486328, 0.39816272258758545, 0.39802226424217224, 0.37408033013343811, 0.33425125479698181, 0.32882067561149597, 0.30689457058906555, 0.293375164270401, 0.27019643783569336]"
17862013,"[20777185, 4269567, 1846593, 5141410, 19282291, 36477294, 3474408, 3304092, 1505145, 24243398]","[0.58509111404418945, 0.5626634955406189, 0.51739293336868286, 0.45763176679611206, 0.45738160610198975, 0.44501850008964539, 0.42665031552314758, 0.40862676501274109, 0.39967277646064758, 0.39816272258758545]"
34442389,"[31804256, 10579085, 22345050, 17862013, 4269567, 3304092, 3279728, 36205810, 5141410, 44137874]","[0.5891304612159729, 0.54550451040267944, 0.26761940121650696, 0.26708903908729553, 0.26448985934257507, 0.21365748345851898, 0.20593175292015076, 0.20315594971179962, 0.19707688689231873, 0.19496020674705505]"
178449,"[583254, 1136673, 20901355, 4269567, 5141410, 6678, 36205810, 5740890, 275388, 1396693]","[0.28070619702339172, 0.28051930665969849, 0.19505427777767181, 0.1538180410861969, 0.1437324732542038, 0.13517780601978302, 0.13335664570331573, 0.11121936142444611, 0.10421433299779892, 0.10270382463932037]"
34949251,"[48871041, 48860098, 20444317, 41493138, 48871701, 48871696, 48872312, 5141410, 4269567, 970284]","[0.81096667051315308, 0.51068902015686035, 0.49047929048538208, 0.4176102876663208, 0.37227639555931091, 0.3517443835735321, 0.34665432572364807, 0.09472261369228363, 0.086389705538749695, 0.082947202026844025]"
1396693,"[17430047, 1834140, 976910, 691500, 17021807, 704388, 710421, 27545231, 3304092, 53486800]","[0.53143656253814697, 0.51940935850143433, 0.44099065661430359, 0.4369175136089325, 0.4222710132598877, 0.29881665110588074, 0.24601438641548157, 0.24476593732833862, 0.20861883461475372, 0.2055736780166626]"
31823444,"[693519, 31823494, 2460099, 2460103, 1765458, 1834140, 31823392, 50899941, 37331361, 27545231]","[0.76064974069595337, 0.67993003129959106, 0.40782177448272705, 0.36082282662391663, 0.30412796139717102, 0.2814914882183075, 0.25330263376235962, 0.1873190701007843, 0.16507540643215179, 0.16183015704154968]"
36477294,"[2460103, 17862013, 20777185, 47048387, 3474408, 3279728, 5625640, 4269567, 5141410, 49659014]","[0.48179709911346436, 0.44501850008964539, 0.43950951099395752, 0.26694947481155396, 0.23495976626873016, 0.15429979562759399, 0.14507460594177246, 0.13528516888618469, 0.098885484039783478, 0.09732353687286377]"
31804256,"[34442389, 4269567, 5141410, 36205810, 6678, 5740890, 20777185, 8526165, 3474408, 31903693]","[0.5891304612159729, 0.37218967080116272, 0.35955324769020081, 0.32017946243286133, 0.30918630957603455, 0.26756641268730164, 0.22376036643981934, 0.21705037355422974, 0.21170389652252197, 0.20041748881340027]"
37049778,"[22345050, 24243398, 5625640, 5740890, 4269567, 737610, 6678, 3279728, 17862013, 47132135]","[0.22549685835838318, 0.2009526789188385, 0.1712447851896286, 0.16537876427173615, 0.16289512813091278, 0.13873164355754852, 0.13776776194572449, 0.13103587925434113, 0.12011370807886124, 0.11889389902353287]"
22345050,"[51676708, 17430047, 31752133, 4269567, 24243398, 37331361, 3304092, 17862013, 3279728, 1467938]","[0.72187423706054688, 0.53538703918457031, 0.46678915619850159, 0.46301522850990295, 0.42304706573486328, 0.41181272268295288, 0.38348853588104248, 0.38327780365943909, 0.3801015317440033, 0.36962977051734924]"
5141410,"[4269567, 2676271, 5740890, 6678, 2352562, 36205810, 17862013, 20777185, 43590845, 895672]","[0.89549779891967773, 0.7241593599319458, 0.69007331132888794, 0.61542052030563354, 0.59081614017486572, 0.53621518611907959, 0.45763176679611206, 0.44383925199508667, 0.42168238759040833, 0.40429332852363586]"
693519,"[2460099, 31823444, 31823494, 2460103, 11004369, 37331361, 1765458, 27545231, 19282291, 50899941]","[0.86132133007049561, 0.76064974069595337, 0.71130222082138062, 0.48840343952178955, 0.30666947364807129, 0.28704339265823364, 0.21919810771942139, 0.19782635569572449, 0.17139418423175812, 0.16580094397068024]"
9369613,"[11503984, 4678428, 4269567, 22044074, 5141410, 6678, 5740890, 36205810, 31903693, 3304092]","[0.73826771974563599, 0.61713123321533203, 0.39636000990867615, 0.33735325932502747, 0.31477957963943481, 0.31405368447303772, 0.29191988706588745, 0.27957290410995483, 0.26314267516136169, 0.24888934195041656]"
10579085,"[34442389, 17862013, 4269567, 22345050, 21303741, 5625640, 3279728, 6678, 5740890, 3304092]","[0.54550451040267944, 0.26925551891326904, 0.23885300755500793, 0.22821938991546631, 0.22789542376995087, 0.20670993626117706, 0.20600995421409607, 0.20139747858047485, 0.19352804124355316, 0.18898296356201172]"
20444317,"[48871701, 48871696, 41493138, 48871041, 48872312, 48860098, 34949251, 52014686, 5141410, 2352562]","[0.9779621958732605, 0.89143258333206177, 0.85540014505386353, 0.79363101720809937, 0.73979747295379639, 0.73805862665176392, 0.49047929048538208, 0.15098768472671509, 0.1509518176317215, 0.11464471369981766]"
38928070,"[5205615, 5740890, 4269567, 51676708, 17862013, 6678, 5141410, 54435831, 36205810, 9369613]","[0.39284223318099976, 0.35558339953422546, 0.24824938178062439, 0.22580119967460632, 0.21279345452785492, 0.20935525000095367, 0.19455146789550781, 0.18676242232322693, 0.18051202595233917, 0.17304550111293793]"
31903693,"[4678428, 4269567, 22044074, 5740890, 54435831, 5141410, 76940, 36205810, 2352562, 9369613]","[0.50464063882827759, 0.39665579795837402, 0.35390067100524902, 0.33836251497268677, 0.33399733901023865, 0.29412171244621277, 0.29227647185325623, 0.27974686026573181, 0.27703016996383667, 0.26314267516136169]"
41493138,"[48872312, 48860098, 20444317, 48871701, 48871696, 48871041, 34949251, 5141410, 4269567, 17862013]","[0.97413939237594604, 0.96375870704650879, 0.85540014505386353, 0.81301695108413696, 0.56087642908096313, 0.49810940027236938, 0.4176102876663208, 0.12587763369083405, 0.10986993461847305, 0.10145822912454605]"
849619,"[37331361, 17430047, 691500, 5740890, 17021807, 4269567, 14981609, 755842, 44444481, 3304092]","[0.23264531791210175, 0.22807425260543823, 0.087762370705604553, 0.07957787811756134, 0.079561643302440643, 0.073711320757865906, 0.072062090039253235, 0.065922699868679047, 0.062701404094696045, 0.060652159154415131]"
21303741,"[44137874, 22345050, 27545231, 3304092, 4269567, 49475203, 10579085, 24243398, 53874996, 31903693]","[0.33075651526451111, 0.30241134762763977, 0.28138324618339539, 0.23340412974357605, 0.23234616219997406, 0.23056446015834808, 0.22789542376995087, 0.22575120627880096, 0.22010767459869385, 0.21955922245979309]"
5205615,"[33069847, 38928070, 5740890, 66365, 4269567, 31903693, 24243398, 3304092, 17862013, 51058554]","[0.66974890232086182, 0.39284223318099976, 0.32410049438476562, 0.27271580696105957, 0.24453119933605194, 0.22256459295749664, 0.20751301944255829, 0.19167444109916687, 0.19157825410366058, 0.17660118639469147]"
43220839,"[32437215, 48665904, 978163, 978165, 37331361, 27545231, 53984662, 2460103, 50899941, 32122845]","[0.81581705808639526, 0.30056914687156677, 0.19761410355567932, 0.17872826755046844, 0.12913720309734344, 0.1273663341999054, 0.12523524463176727, 0.11724536865949631, 0.10207509249448776, 0.10187731683254242]"
15958827,"[236573, 54435831, 19282291, 47132135, 1846593, 1765458, 37132109, 52243894, 2460103, 48544133]","[0.56332331895828247, 0.44541168212890625, 0.1171611025929451, 0.068228185176849365, -0.05681006982922554, 0.04611637070775032, 0.045785486698150635, 0.04571070522069931, 0.040854752063751221, 0.040478158742189407]"
42498898,"[53824388, 37331361, 1846593, 704388, 691500, 17862013, 3304092, 693519, 53874996, 970284]","[0.94192624092102051, 0.21199482679367065, 0.17318810522556305, 0.14199687540531158, 0.11135153472423553, 0.099473997950553894, 0.085927359759807587, 0.074566088616847992, 0.073343284428119659, 0.069351501762866974]"
44318848,"[710421, 976910, 704388, 691500, 17021807, 16566346, 37331361, 22345050, 19282291, 5205615]","[0.52380871772766113, 0.32534506916999817, 0.29841896891593933, 0.2966957688331604, 0.26278841495513916, 0.21609385311603546, 0.20370452105998993, 0.11785640567541122, 0.093730293214321136, 0.083015047013759613]"
44444481,"[17021807, 22345050, 4020758, 24243398, 5740890, 19282291, 20777185, 4269567, 9369613, 851060]","[0.17119880020618439, 0.15793560445308685, 0.15611594915390015, 0.15249091386795044, 0.14574125409126282, 0.13689605891704559, 0.13442035019397736, 0.13370944559574127, 0.12431586533784866, 0.11921383440494537]"
11159584,"[3150676, 3474408, 24243398, 17862013, 4269567, 31903693, 10579085, 37331361, 19282291, 3279728]","[0.19284489750862122, 0.16539672017097473, 0.1531892865896225, 0.14792323112487793, 0.14725932478904724, 0.11298204213380814, 0.10765276849269867, 0.10673699527978897, 0.1064111590385437, 0.10481680184602737]"
37331361,"[704388, 691500, 51676708, 17021807, 22345050, 17430047, 710421, 693519, 1467938, 970284]","[0.74131709337234497, 0.66987133026123047, 0.46903586387634277, 0.43659818172454834, 0.41181272268295288, 0.38452494144439697, 0.35192915797233582, 0.28704339265823364, 0.27196219563484192, 0.27080750465393066]"
37104213,"[34561692, 12161313, 37331361, 27545231, 978163, 19282291, 20777185, 978165, 2460103, 693519]","[0.90549290180206299, 0.43842253088951111, 0.24776943027973175, 0.21961005032062531, 0.14580416679382324, 0.14346759021282196, 0.13492733240127563, 0.1284441351890564, 0.12071805447340012, 0.10230429470539093]"
47048387,"[3279728, 5625640, 50899941, 20777185, 4269567, 54435831, 17862013, 36205810, 22345050, 36477294]","[0.89960277080535889, 0.78993523120880127, 0.57482749223709106, 0.36674401164054871, 0.33864310383796692, 0.33075892925262451, 0.29577761888504028, 0.29490971565246582, 0.2697131335735321, 0.26694947481155396]"
4135811,"[7672194, 8341386, 22078621, 36205810, 32624811, 32122845, 43590845, 970284, 11004369, 704388]","[0.9996798038482666, 0.99553978443145752, 0.13375119864940643, 0.059381343424320221, 0.041968751698732376, 0.038391206413507462, 0.026031192392110825, 0.02571958489716053, 0.025257864966988564, 0.025228608399629593]"
1505145,"[17862013, 8727319, 4269567, 44137874, 3474408, 3304092, 31903693, 52014686, 22345050, 44444481]","[0.39967277646064758, 0.15738159418106079, 0.12810443341732025, 0.11393535882234573, 0.11064126342535019, 0.10457476228475571, 0.09427168220281601, 0.091618359088897705, 0.090545617043972015, 0.090189158916473389]"
47079044,"[44137874, 5141410, 2352562, 2676271, 20901355, 4269567, 37042447, 19282291, 34442389, 20777185]","[0.29745051264762878, 0.22130060195922852, 0.21649320423603058, 0.21478249132633209, 0.18167135119438171, 0.14461882412433624, 0.13821065425872803, 0.12883824110031128, 0.12683872878551483, 0.12404511868953705]"
48860098,"[48872312, 41493138, 20444317, 48871701, 34949251, 48871041, 48871696, 5141410, 4269567, 17862013]","[0.97935283184051514, 0.96375870704650879, 0.73805862665176392, 0.67517924308776855, 0.51068902015686035, 0.43830379843711853, 0.37996947765350342, 0.11763796210289001, 0.11492705345153809, 0.10985059291124344]"
48871041,"[48871696, 34949251, 20444317, 48871701, 41493138, 48860098, 48872312, 5141410, 52014686, 4269567]","[0.81925815343856812, 0.81096667051315308, 0.79363101720809937, 0.72954970598220825, 0.49810940027236938, 0.43830379843711853, 0.34283274412155151, 0.10938005149364471, 0.1007443442940712, 0.086155213415622711]"
48871696,"[48871701, 20444317, 48871041, 41493138, 48872312, 48860098, 34949251, 52014686, 51676708, 2352562]","[0.90190362930297852, 0.89143258333206177, 0.81925815343856812, 0.56087642908096313, 0.39676862955093384, 0.37996947765350342, 0.3517443835735321, 0.20347082614898682, 0.15698938071727753, 0.12445779889822006]"
48871701,"[20444317, 48871696, 41493138, 48871041, 48872312, 48860098, 34949251, 5141410, 4269567, 52014686]","[0.9779621958732605, 0.90190362930297852, 0.81301695108413696, 0.72954970598220825, 0.70119756460189819, 0.67517924308776855, 0.37227639555931091, 0.23714001476764679, 0.20131827890872955, 0.1932302713394165]"
48872312,"[48860098, 41493138, 20444317, 48871701, 48871696, 34949251, 48871041, 5141410, 4269567, 17862013]","[0.97935283184051514, 0.97413939237594604, 0.73979747295379639, 0.70119756460189819, 0.39676862955093384, 0.34665432572364807, 0.34283274412155151, 0.11414387077093124, 0.1060178354382515, 0.10034309327602386]"
76940,"[49659014, 4269567, 4678428, 24243398, 3304092, 31903693, 17862013, 19282291, 53874996, 3279728]","[0.39829599857330322, 0.32113978266716003, 0.31805768609046936, 0.30689457058906555, 0.29341492056846619, 0.29227647185325623, 0.27540963888168335, 0.22389250993728638, 0.20533466339111328, 0.20528224110603333]"
4269567,"[5141410, 5740890, 6678, 36205810, 2676271, 3304092, 17862013, 236573, 895672, 3279728]","[0.89549779891967773, 0.79755347967147827, 0.74187517166137695, 0.69648945331573486, 0.62172496318817139, 0.57063430547714233, 0.5626634955406189, 0.50831902027130127, 0.50826507806777954, 0.50153452157974243]"
42707354,"[5740890, 31903693, 53984662, 22044074, 4269567, 1765233, 53874996, 22345050, 19282291, 53903332]","[0.17279110848903656, 0.12643951177597046, 0.1069195568561554, 0.10095575451850891, 0.076946049928665161, 0.075789138674736023, 0.072463862597942352, 0.071904689073562622, 0.069993235170841217, 0.066088639199733734]"
16316304,"[691500, 26108782, 31903693, 275388, 22345050, 34442389, 53486800, 48665904, 44137874, 19282291]","[0.24365824460983276, 0.19083823263645172, 0.18149936199188232, 0.15086352825164795, 0.08336726576089859, 0.08058483898639679, 0.079122811555862427, 0.066495537757873535, 0.061327036470174789, 0.061165366321802139]"
50714180,"[4269567, 17862013, 22345050, 24243398, 49876887, 3279728, 52014686, 3304092, 5141410, 47048387]","[0.21939291059970856, 0.21447411179542542, 0.20513661205768585, 0.181632399559021, 0.17413593828678131, 0.17241688072681427, 0.16838973760604858, 0.16151857376098633, 0.16103154420852661, 0.15517473220825195]"
50899941,"[3279728, 5625640, 47048387, 2558456, 37132109, 20777185, 710421, 19282291, 1765233, 972913]","[0.7060239315032959, 0.58758723735809326, 0.57482749223709106, 0.39286848902702332, 0.35158246755599976, 0.23982620239257812, 0.22608809173107147, 0.22359009087085724, 0.21357472240924835, 0.20598216354846954]"
51058554,"[691500, 704388, 5205615, 3304092, 4269567, 17862013, 37331361, 5740890, 19282291, 53874996]","[0.20413403213024139, 0.20081040263175964, 0.17660118639469147, 0.17078603804111481, 0.16716046631336212, 0.15414947271347046, 0.14947102963924408, 0.1482149064540863, 0.14541208744049072, 0.1418876051902771]"
26108782,"[16316304, 583254, 5141410, 1136673, 76940, 31903693, 2676271, 20777185, 1519473, 51676708]","[0.19083823263645172, 0.079423725605010986, 0.067208297550678253, 0.06556999683380127, 0.049206264317035675, -0.04054751992225647, 0.035575736314058304, 0.034691061824560165, 0.034268088638782501, 0.033707361668348312]"
51676708,"[22345050, 1467938, 37331361, 17430047, 970284, 4269567, 38928070, 54435831, 275388, 17862013]","[0.72187423706054688, 0.59661328792572021, 0.46903586387634277, 0.43312099575996399, 0.34451672434806824, 0.23303334414958954, 0.22580119967460632, 0.22208599746227264, 0.20212763547897339, 0.16389285027980804]"
3279728,"[47048387, 5625640, 50899941, 4269567, 236573, 36205810, 20777185, 17862013, 22345050, 6678]","[0.89960277080535889, 0.87209606170654297, 0.7060239315032959, 0.50153452157974243, 0.47485977411270142, 0.40181258320808411, 0.38811928033828735, 0.38560914993286133, 0.3801015317440033, 0.35713368654251099]"
236573,"[4020758, 15958827, 4269567, 3279728, 5625640, 36205810, 6678, 5740890, 1519473, 5141410]","[0.64075171947479248, 0.56332331895828247, 0.50831902027130127, 0.47485977411270142, 0.45995613932609558, 0.44762858748435974, 0.42730122804641724, 0.4234737753868103, 0.33745312690734863, 0.33428749442100525]"
52014686,"[4269567, 5141410, 6678, 5740890, 46263132, 36205810, 17862013, 895672, 3304092, 22345050]","[0.3872540295124054, 0.32734218239784241, 0.31422039866447449, 0.31272682547569275, 0.24989804625511169, 0.24732184410095215, 0.2359289824962616, 0.23072698712348938, 0.22474870085716248, 0.21762369573116302]"
53486800,"[1396693, 27545231, 23638008, 1419205, 76940, 19282291, 113180, 47048387, 1519473, 44137874]","[0.2055736780166626, 0.15377134084701538, 0.15291985869407654, 0.12523332238197327, 0.12389792501926422, 0.11691319197416306, 0.11459298431873322, 0.11399591714143753, 0.11257398873567581, 0.10732156783342361]"
53824388,"[42498898, 32122845, 27545231, 693519, 2460103, 1765458, 52014686, 37104213, 2460099, 31823444]","[0.94192624092102051, 0.12043362855911255, 0.10665623843669891, 0.093339115381240845, 0.08929993212223053, 0.078138940036296844, 0.062587045133113861, 0.062112674117088318, 0.062106207013130188, 0.054366301745176315]"
53874996,"[3304092, 54329819, 53903332, 52390011, 53984662, 53920285, 4269567, 22345050, 17862013, 24243398]","[0.88400059938430786, 0.73031294345855713, 0.61814558506011963, 0.55577462911605835, 0.51927900314331055, 0.48217052221298218, 0.36358773708343506, 0.3003600537776947, 0.29164960980415344, 0.26155233383178711]"
53903332,"[53920285, 53874996, 3304092, 49735416, 4269567, 22806874, 17862013, 22345050, 3279728, 275388]","[0.96508979797363281, 0.61814558506011963, 0.40352654457092285, 0.30051416158676147, 0.29233691096305847, 0.26929605007171631, 0.24699075520038605, 0.22044083476066589, 0.20361942052841187, 0.19731338322162628]"
53920285,"[53903332, 53874996, 49735416, 3304092, 4269567, 31903693, 5740890, 17862013, 22345050, 20777185]","[0.96508979797363281, 0.48217052221298218, 0.37185975909233093, 0.21599105000495911, 0.19552856683731079, 0.15487298369407654, 0.1485849916934967, 0.13743233680725098, 0.13510307669639587, 0.13178339600563049]"
3304092,"[53874996, 54329819, 52390011, 4269567, 53984662, 17862013, 53903332, 5141410, 36205810, 22345050]","[0.88400059938430786, 0.76061862707138062, 0.61358946561813354, 0.57063430547714233, 0.42349919676780701, 0.40862676501274109, 0.40352654457092285, 0.40244299173355103, 0.40074414014816284, 0.38348853588104248]"
53984662,"[53874996, 54329819, 3304092, 52390011, 895672, 31903693, 19282291, 22072677, 4269567, 5141410]","[0.51927900314331055, 0.49319186806678772, 0.42349919676780701, 0.34182670712471008, 0.24831101298332214, 0.24188964068889618, 0.22383841872215271, 0.21827429533004761, 0.21812748908996582, 0.18073730170726776]"
54435831,"[15958827, 51511707, 31903693, 47048387, 32912733, 236573, 24243398, 51676708, 5625640, 3279728]","[0.44541168212890625, 0.34664437174797058, 0.33399733901023865, 0.33075892925262451, 0.32930135726928711, 0.29422861337661743, 0.2459774911403656, 0.22208599746227264, 0.2217845618724823, 0.20525087416172028]"
11004369,"[2460099, 49475203, 3474408, 31823494, 710421, 693519, 32437215, 6678, 895672, 2558456]","[0.58132410049438477, 0.39098834991455078, 0.36600887775421143, 0.31790003180503845, 0.30890589952468872, 0.30666947364807129, 0.27477622032165527, 0.26760461926460266, 0.22314044833183289, 0.20796430110931396]"
8886648,"[1467938, 3474408, 24243398, 36205810, 6678, 52390011, 5625640, 895672, 1519473, 710421]","[0.7551841139793396, 0.18940629065036774, 0.17248116433620453, 0.16120944917201996, 0.14088046550750732, 0.12403988838195801, 0.12245792895555496, 0.12144022434949875, 0.11789057403802872, 0.11124560981988907]"
8174570,"[1764821, 2558456, 710421, 3474408, 50899941, 1519473, 36205810, 32437215, 6678, 8526165]","[0.98046880960464478, 0.18444761633872986, 0.17420442402362823, 0.17308111488819122, 0.14126850664615631, 0.13790236413478851, 0.13237623870372772, 0.12264282256364822, 0.12105697393417358, 0.11411314457654953]"
976910,"[710421, 48665904, 1396693, 53983075, 17021807, 704388, 44318848, 691500, 17430047, 1777080]","[0.47648951411247253, 0.46108514070510864, 0.44099065661430359, 0.40955278277397156, 0.38490495085716248, 0.36352178454399109, 0.32534506916999817, 0.31013628840446472, 0.29065513610839844, 0.26876974105834961]"
978165,"[978163, 32437215, 34561692, 51511707, 36205810, 43220839, 710421, 3474408, 6678, 49538597]","[0.96303397417068481, 0.45975932478904724, 0.22311984002590179, 0.21335458755493164, 0.18071232736110687, 0.17872826755046844, 0.17246340215206146, 0.16230314970016479, 0.15222615003585815, 0.14478705823421478]"
710421,"[691500, 17021807, 704388, 44318848, 976910, 2558456, 3474408, 1519473, 36205810, 37331361]","[0.62715500593185425, 0.55617737770080566, 0.52664947509765625, 0.52380871772766113, 0.47648951411247253, 0.43332311511039734, 0.42169415950775146, 0.38996207714080811, 0.37017711997032166, 0.35192915797233582]"
16566346,"[1765233, 44205344, 1765458, 710421, 44318848, 2558456, 5740890, 3474408, 1519473, 50899941]","[0.91296404600143433, 0.58242756128311157, 0.27818557620048523, 0.2553972601890564, 0.21609385311603546, 0.18438059091567993, 0.1832548975944519, 0.15174345672130585, 0.15160709619522095, 0.14458271861076355]"
17701542,"[23638008, 47132135, 3474408, 47186850, 31903693, 49528720, 36205810, 44961465, 11503984, 1846593]","[0.46841511130332947, 0.3829440176486969, 0.26612776517868042, 0.16750936210155487, 0.15981674194335938, 0.15795369446277618, 0.13949325680732727, 0.1324826180934906, 0.11798259615898132, 0.10905557125806808]"
11503984,"[9369613, 6678, 36205810, 8526165, 3474408, 4269567, 895672, 4678428, 14981609, 5141410]","[0.73826771974563599, 0.40755906701087952, 0.3954596221446991, 0.32905295491218567, 0.2988884449005127, 0.27075961232185364, 0.25601696968078613, 0.2541922926902771, 0.24288131296634674, 0.23806418478488922]"
12790679,"[1519473, 36205810, 3474408, 8526165, 6678, 22078621, 583254, 710421, 895672, 54356603]","[0.20831848680973053, 0.1484476774930954, 0.13144776225090027, 0.10959182679653168, 0.10934910178184509, 0.089350670576095581, 0.076478257775306702, 0.070608407258987427, 0.068867601454257965, 0.067168571054935455]"
20901355,"[8526165, 583254, 1136673, 3474408, 36205810, 6678, 178449, 1519473, 47079044, 37042447]","[0.70976698398590088, 0.55620032548904419, 0.33022457361221313, 0.26743254065513611, 0.2305828332901001, 0.22436437010765076, 0.19505427777767181, 0.19404266774654388, 0.18167135119438171, 0.16910611093044281]"
22078621,"[970360, 2558456, 36205810, 6678, 1519473, 3474408, 275388, 5625640, 8526165, 5740890]","[0.71088474988937378, 0.65501314401626587, 0.47523713111877441, 0.39099562168121338, 0.35025286674499512, 0.3466496467590332, 0.34504562616348267, 0.30800792574882507, 0.2963482141494751, 0.29515153169631958]"
536789,"[1519473, 11503984, 3474408, 710421, 5625640, 6678, 2676271, 1136673, 36205810, 17430047]","[0.32202962040901184, 0.21679262816905975, 0.20731198787689209, 0.20664295554161072, 0.19016626477241516, 0.18910175561904907, 0.18046316504478455, 0.15933029353618622, 0.15410323441028595, 0.14834786951541901]"
24727796,"[36205810, 3474408, 5625640, 1519473, 6678, 22078621, 710421, 23875703, 8526165, 1846593]","[0.43731814622879028, 0.32815194129943848, 0.27841046452522278, 0.27300360798835754, 0.25611841678619385, 0.21702991425991058, 0.18978676199913025, 0.18345807492733002, 0.17774690687656403, 0.15472984313964844]"
3474408,"[6678, 36205810, 1846593, 1519473, 8526165, 5625640, 895672, 47132135, 49538597, 17862013]","[0.66784203052520752, 0.63941246271133423, 0.63562643527984619, 0.577536940574646, 0.52966243028640747, 0.52276843786239624, 0.51425230503082275, 0.50643086433410645, 0.49070781469345093, 0.42665031552314758]"
66365,"[33777, 6678, 5740890, 5205615, 8526165, 36205810, 9369613, 1846593, 4269567, 54356603]","[0.55529296398162842, 0.31369641423225403, 0.27571254968643188, 0.27271580696105957, 0.26418700814247131, 0.25713926553726196, 0.23750443756580353, 0.21839675307273865, 0.19793172180652618, 0.19685520231723785]"
14981609,"[54356603, 275388, 3474408, 7998150, 37932891, 895672, 6678, 1519473, 11503984, 36205810]","[0.47250422835350037, 0.38677731156349182, 0.29797837138175964, 0.28149980306625366, 0.26704683899879456, 0.26378548145294189, 0.25825834274291992, 0.25634363293647766, 0.24288131296634674, 0.21486712992191315]"
7321359,"[36205810, 6678, 8526165, 5740890, 4269567, 236573, 5141410, 1519473, 52390011, 895672]","[0.26738530397415161, 0.18704333901405334, 0.17975299060344696, 0.15995936095714569, 0.14493933320045471, 0.1218264251947403, 0.12141715735197067, 0.10935290157794952, 0.10443234443664551, 0.094609819352626801]"
8727319,"[3474408, 5625640, 6678, 1519473, 36205810, 8526165, 5740890, 4020758, 20355828, 1505145]","[0.40143007040023804, 0.28758364915847778, 0.28285104036331177, 0.28108221292495728, 0.22680523991584778, 0.18643377721309662, 0.17016912996768951, 0.16249124705791473, 0.15957936644554138, 0.15738159418106079]"
31823494,"[693519, 31823444, 2460099, 11004369, 3474408, 32437215, 31823392, 1765458, 47132135, 976910]","[0.71130222082138062, 0.67993003129959106, 0.52006494998931885, 0.31790003180503845, 0.3106672465801239, 0.25716376304626465, 0.25055557489395142, 0.23105187714099884, 0.2295270711183548, 0.22135284543037415]"
32437215,"[43220839, 978165, 978163, 3474408, 11004369, 31823494, 36205810, 34561692, 8526165, 6678]","[0.81581705808639526, 0.45975932478904724, 0.35021376609802246, 0.29393523931503296, 0.27477622032165527, 0.25716376304626465, 0.23880782723426819, 0.21400539577007294, 0.21145990490913391, 0.21119225025177002]"
34561692,"[37104213, 12161313, 3474408, 978165, 32437215, 895672, 31823494, 49538597, 49659014, 6678]","[0.90549290180206299, 0.41004475951194763, 0.23727692663669586, 0.22311984002590179, 0.21400539577007294, 0.20202353596687317, 0.20039206743240356, 0.19720935821533203, 0.19581210613250732, 0.19576817750930786]"
36205810,"[6678, 8526165, 4269567, 895672, 3474408, 5625640, 5740890, 52390011, 1519473, 5141410]","[0.91877526044845581, 0.70674145221710205, 0.69648945331573486, 0.69158536195755005, 0.63941246271133423, 0.61485755443572998, 0.60788184404373169, 0.60486990213394165, 0.58252304792404175, 0.53621518611907959]"
22072677,"[36205810, 8526165, 6678, 3474408, 895672, 53984662, 49735416, 4269567, 22345050, 5740890]","[0.35890069603919983, 0.30859890580177307, 0.30616247653961182, 0.2839762270450592, 0.2269325852394104, 0.21827429533004761, 0.19910478591918945, 0.19195923209190369, 0.18775993585586548, 0.186820387840271]"
895672,"[49538597, 6678, 36205810, 3474408, 4269567, 8526165, 52390011, 5141410, 5740890, 5625640]","[0.93142086267471313, 0.83233940601348877, 0.69158536195755005, 0.51425230503082275, 0.50826507806777954, 0.48781004548072815, 0.4327663779258728, 0.40429332852363586, 0.379620760679245, 0.3727816641330719]"
113180,"[5740890, 275388, 6678, 4269567, 36205810, 3474408, 5141410, 1519473, 44137874, 52014686]","[0.42285200953483582, 0.40156316757202148, 0.37105605006217957, 0.34029820561408997, 0.2808193564414978, 0.26787510514259338, 0.22463588416576385, 0.21783475577831268, 0.20767147839069366, 0.20749141275882721]"
977022,"[972913, 11037163, 36205810, 1968414, 3474408, 6678, 52390011, 895672, 710421, 1519473]","[0.96357101202011108, 0.80538392066955566, 0.21993786096572876, 0.17026315629482269, 0.17023025453090668, 0.16395294666290283, 0.15944001078605652, 0.1572272926568985, 0.15335890650749207, 0.15046343207359314]"
39353382,"[970251, 34921437, 3474408, 32437215, 31823494, 34561692, 36205810, 6678, 895672, 8526165]","[0.8874284029006958, 0.33596318960189819, 0.21362458169460297, 0.19649122655391693, 0.1931946873664856, 0.17735250294208527, 0.17155233025550842, 0.16566468775272369, 0.16564649343490601, 0.16462190449237823]"
1519473,"[6678, 36205810, 3474408, 8526165, 5625640, 710421, 2558456, 7998150, 5740890, 22078621]","[0.58919030427932739, 0.58252304792404175, 0.577536940574646, 0.5315667986869812, 0.47645819187164307, 0.38996207714080811, 0.37208175659179688, 0.37185895442962646, 0.35237056016921997, 0.35025286674499512]"
2558456,"[970360, 22078621, 710421, 3474408, 50899941, 1519473, 37132109, 6678, 36205810, 53286797]","[0.66935855150222778, 0.65501314401626587, 0.43332311511039734, 0.40065425634384155, 0.39286848902702332, 0.37208175659179688, 0.32547107338905334, 0.28729414939880371, 0.28462252020835876, 0.22656898200511932]"
3665431,"[32401760, 31823494, 32437215, 3474408, 34561692, 11004369, 39353382, 895672, 36205810, 8526165]","[0.7475706934928894, 0.18750077486038208, 0.17816460132598877, 0.17532724142074585, 0.15179437398910522, 0.13841380178928375, 0.1381874680519104, 0.13512174785137177, 0.13510759174823761, 0.12926492094993591]"
7672194,"[4135811, 8341386, 22078621, 36205810, 32624811, 32122845, 11004369, 34561692, 976910, 970284]","[0.9996798038482666, 0.99559396505355835, 0.13891725242137909, 0.070256344974040985, 0.045152392238378525, 0.043446902185678482, 0.039190575480461121, 0.033011503517627716, 0.032966449856758118, 0.027540838345885277]"
23875703,"[46263132, 49876887, 51074710, 3474408, 5625640, 6678, 36205810, 1519473, 8526165, 895672]","[0.95254725217819214, 0.94359570741653442, 0.49351748824119568, 0.31541639566421509, 0.31099364161491394, 0.30670693516731262, 0.30103453993797302, 0.28103387355804443, 0.26420724391937256, 0.21598456799983978]"
583254,"[1136673, 20901355, 8526165, 3474408, 1519473, 178449, 36205810, 6678, 710421, 2558456]","[0.91440629959106445, 0.55620032548904419, 0.37611621618270874, 0.32926520705223083, 0.28781914710998535, 0.28070619702339172, 0.26661068201065063, 0.23292914032936096, 0.21194553375244141, 0.17657341063022614]"
44961465,"[36205810, 6678, 8526165, 895672, 52390011, 4269567, 5740890, 1519473, 5141410, 54329819]","[0.39414983987808228, 0.39150992035865784, 0.34193331003189087, 0.32123619318008423, 0.29648390412330627, 0.29235956072807312, 0.27318266034126282, 0.24991466104984283, 0.23285257816314697, 0.22095628082752228]"
45049201,"[47048387, 5625640, 36205810, 737610, 583254, 3474408, 31752133, 6678, 1519473, 23875703]","[0.19800087809562683, 0.1837380975484848, 0.16814711689949036, 0.15424132347106934, 0.15331752598285675, 0.1529308408498764, 0.15275529026985168, 0.14889036118984222, 0.14759080111980438, 0.13630658388137817]"
5625640,"[3279728, 47048387, 36205810, 50899941, 6678, 3474408, 1519473, 236573, 4269567, 8526165]","[0.87209606170654297, 0.78993523120880127, 0.61485755443572998, 0.58758723735809326, 0.55565917491912842, 0.52276843786239624, 0.47645819187164307, 0.45995613932609558, 0.42730787396430969, 0.38050812482833862]"
46263132,"[23875703, 49876887, 51074710, 8526165, 6678, 52014686, 36205810, 5625640, 3474408, 1519473]","[0.95254725217819214, 0.89811074733734131, 0.34239682555198669, 0.28391182422637939, 0.26296946406364441, 0.24989804625511169, 0.224734827876091, 0.22371627390384674, 0.20546548068523407, 0.19948181509971619]"
47132135,"[23638008, 3474408, 17701542, 49659014, 1846593, 6678, 36205810, 5625640, 31823494, 8526165]","[0.57446736097335815, 0.50643086433410645, 0.3829440176486969, 0.27832531929016113, 0.27507811784744263, 0.26471120119094849, 0.25770077109336853, 0.24960753321647644, 0.2295270711183548, 0.21833379566669464]"
4678428,"[22044074, 9369613, 31903693, 36205810, 6678, 76940, 3474408, 1519473, 4269567, 8526165]","[0.74981987476348877, 0.61713123321533203, 0.50464063882827759, 0.34037116169929504, 0.31883746385574341, 0.31805768609046936, 0.30655592679977417, 0.28721210360527039, 0.27201351523399353, 0.2695450484752655]"
49538597,"[895672, 6678, 36205810, 3474408, 4269567, 8526165, 5141410, 5625640, 1519473, 1846593]","[0.93142086267471313, 0.71350467205047607, 0.53601163625717163, 0.49070781469345093, 0.40174412727355957, 0.34767642617225647, 0.33125606179237366, 0.32945260405540466, 0.26746144890785217, 0.26195830106735229]"
49659014,"[76940, 47132135, 3474408, 22078621, 34561692, 14981609, 36205810, 11004369, 31823494, 5625640]","[0.39829599857330322, 0.27832531929016113, 0.23661281168460846, 0.20574183762073517, 0.19581210613250732, 0.18808452785015106, 0.18506082892417908, 0.17101132869720459, 0.17046809196472168, 0.16850320994853973]"
49876887,"[23875703, 46263132, 51074710, 3474408, 5625640, 36205810, 6678, 34442389, 1519473, 50714180]","[0.94359570741653442, 0.89811074733734131, 0.38708645105361938, 0.23013243079185486, 0.21942000091075897, 0.21144209802150726, 0.20796734094619751, 0.18343371152877808, 0.17453823983669281, 0.17413593828678131]"
51074710,"[53720250, 23875703, 49876887, 46263132, 737610, 3474408, 5625640, 2558456, 1519473, 6678]","[0.59011119604110718, 0.49351748824119568, 0.38708645105361938, 0.34239682555198669, 0.28030475974082947, 0.19317176938056946, 0.16677424311637878, 0.16189403831958771, 0.15638674795627594, 0.14938075840473175]"
20355828,"[6678, 5141410, 36205810, 4269567, 1519473, 8526165, 3474408, 49538597, 43590845, 1419205]","[0.369039386510849, 0.33571633696556091, 0.30500218272209167, 0.28331089019775391, 0.28062519431114197, 0.25561621785163879, 0.22655037045478821, 0.21350851655006409, 0.20737831294536591, 0.20566153526306152]"
51511707,"[54435831, 3474408, 36205810, 6678, 1519473, 23416702, 710421, 978165, 22078621, 49735416]","[0.34664437174797058, 0.31101611256599426, 0.27810254693031311, 0.2572290301322937, 0.23825861513614655, 0.23547102510929108, 0.22494739294052124, 0.21335458755493164, 0.20391198992729187, 0.2023477703332901]"
1846593,"[3474408, 17862013, 6678, 19282291, 1519473, 36205810, 20777185, 5625640, 47132135, 710421]","[0.63562643527984619, 0.51739293336868286, 0.35985255241394043, 0.35676637291908264, 0.33860385417938232, 0.33068022131919861, 0.32281336188316345, 0.28056037425994873, 0.27507811784744263, 0.26222258806228638]"
8526165,"[6678, 20901355, 36205810, 1519473, 3474408, 4269567, 895672, 52390011, 5141410, 5740890]","[0.72342240810394287, 0.70976698398590088, 0.70674145221710205, 0.5315667986869812, 0.52966243028640747, 0.49211415648460388, 0.48781004548072815, 0.42594191431999207, 0.40301072597503662, 0.39165660738945007]"
1136673,"[583254, 20901355, 178449, 1519473, 710421, 3474408, 36205810, 1396693, 8526165, 6678]","[0.91440629959106445, 0.33022457361221313, 0.28051930665969849, 0.22882832586765289, 0.21121582388877869, 0.20924213528633118, 0.19414201378822327, 0.19074909389019012, 0.17598192393779755, 0.16108207404613495]"
52390011,"[54329819, 3304092, 36205810, 6678, 53874996, 54356603, 895672, 8526165, 4269567, 3474408]","[0.90816843509674072, 0.61358946561813354, 0.60486990213394165, 0.57185512781143188, 0.55577462911605835, 0.47321930527687073, 0.4327663779258728, 0.42594191431999207, 0.42584386467933655, 0.39059245586395264]"
6678,"[36205810, 895672, 4269567, 8526165, 49538597, 3474408, 5740890, 5141410, 1519473, 52390011]","[0.91877526044845581, 0.83233940601348877, 0.74187517166137695, 0.72342240810394287, 0.71350467205047607, 0.66784203052520752, 0.63258177042007446, 0.61542052030563354, 0.58919030427932739, 0.57185512781143188]"
54329819,"[52390011, 3304092, 53874996, 36205810, 53984662, 6678, 4269567, 895672, 8526165, 3474408]","[0.90816843509674072, 0.76061862707138062, 0.73031294345855713, 0.50401371717453003, 0.49319186806678772, 0.48052597045898438, 0.36958286166191101, 0.35687977075576782, 0.34466713666915894, 0.33597514033317566]"
21682560,"[54329819, 52390011, 1519473, 49538597, 6678, 54356603, 3474408, 5625640, 36205810, 895672]","[0.21495319902896881, 0.1815108060836792, 0.13748100399971008, 0.11154618859291077, 0.11098300665616989, 0.096646644175052643, 0.087947018444538116, 0.083749502897262573, 0.080807141959667206, 0.073532119393348694]"
54356603,"[52390011, 14981609, 895672, 54329819, 6678, 36205810, 44961465, 66365, 53286797, 3474408]","[0.47321930527687073, 0.47250422835350037, 0.23227040469646454, 0.22746570408344269, 0.21731817722320557, 0.21722447872161865, 0.19796879589557648, 0.19685520231723785, 0.19665831327438354, 0.16014264523983002]"
53286797,"[24243398, 36205810, 3474408, 5625640, 6678, 1519473, 2558456, 710421, 22345050, 8526165]","[0.63419318199157715, 0.29090836644172668, 0.28210610151290894, 0.2649027407169342, 0.26166951656341553, 0.25296482443809509, 0.22656898200511932, 0.20554415881633759, 0.20461823046207428, 0.20120854675769806]"
12161313,"[32624811, 1834140, 35843159, 4699587, 53983075, 37104213, 34561692, 48665904, 48544133, 49528720]","[0.70137983560562134, 0.55942028760910034, 0.54717069864273071, 0.53618496656417847, 0.50861412286758423, 0.43842253088951111, 0.41004475951194763, 0.36581534147262573, 0.34837627410888672, 0.3341081440448761]"
4699587,"[35843159, 32624811, 48544133, 49528720, 44205344, 12161313, 1834140, 48543405, 11037163, 7998150]","[0.96181118488311768, 0.84576380252838135, 0.7991911768913269, 0.69100940227508545, 0.62707972526550293, 0.53618496656417847, 0.5320899486541748, 0.49429565668106079, 0.45714071393013, 0.45021882653236389]"
1834140,"[12161313, 35843159, 4699587, 1396693, 32624811, 49528720, 48544133, 44205344, 31823444, 48543405]","[0.55942028760910034, 0.54674696922302246, 0.5320899486541748, 0.51940935850143433, 0.51105672121047974, 0.36128580570220947, 0.32819369435310364, 0.31480613350868225, 0.2814914882183075, 0.27618870139122009]"
11037163,"[972913, 977022, 35843159, 32624811, 4699587, 49528720, 48544133, 44205344, 48543405, 1834140]","[0.81860226392745972, 0.80538392066955566, 0.48007485270500183, 0.45744150876998901, 0.45714071393013, 0.40463519096374512, 0.39634546637535095, 0.3579925000667572, 0.30133092403411865, 0.24799114465713501]"
7998150,"[2460103, 35843159, 4699587, 32624811, 49528720, 1519473, 39031173, 44205344, 14981609, 48544133]","[0.50313597917556763, 0.49874940514564514, 0.45021882653236389, 0.38011029362678528, 0.37705245614051819, 0.37185895442962646, 0.30369946360588074, 0.29812237620353699, 0.28149980306625366, 0.24192990362644196]"
22613851,"[4699587, 35843159, 27545231, 44205344, 32624811, 49528720, 48544133, 7998150, 34416218, 11037163]","[0.37078091502189636, 0.34782245755195618, 0.29890093207359314, 0.27808007597923279, 0.27099192142486572, 0.2631935179233551, 0.22614201903343201, 0.19742923974990845, 0.17932046949863434, 0.16705033183097839]"
34416218,"[34921437, 35843159, 4699587, 22613851, 43590845, 32624811, 49528720, 49538597, 44205344, 48544133]","[0.81823837757110596, 0.2339017242193222, 0.20904591679573059, 0.17932046949863434, 0.1726612001657486, 0.14909613132476807, 0.13040435314178467, 0.12987856566905975, 0.11229166388511658, 0.11127602308988571]"
37932891,"[48544133, 35843159, 4699587, 32624811, 14981609, 49528720, 44205344, 11037163, 48543405, 50899941]","[0.76212751865386963, 0.45836356282234192, 0.39714455604553223, 0.29315736889839172, 0.26704683899879456, 0.25667345523834229, 0.24314509332180023, 0.2040410190820694, 0.18736936151981354, 0.16122543811798096]"
44205344,"[35843159, 4699587, 32624811, 1765233, 16566346, 48544133, 49528720, 48543405, 44442359, 11037163]","[0.67255210876464844, 0.62707972526550293, 0.59874916076660156, 0.59858149290084839, 0.58242756128311157, 0.54371845722198486, 0.45925477147102356, 0.4181402325630188, 0.35959896445274353, 0.3579925000667572]"
48543405,"[44442359, 35843159, 32624811, 4699587, 49528720, 44205344, 48544133, 11037163, 1834140, 7998150]","[0.98984813690185547, 0.5456426739692688, 0.50695139169692993, 0.49429565668106079, 0.43569111824035645, 0.4181402325630188, 0.37540566921234131, 0.30133092403411865, 0.27618870139122009, 0.23620611429214478]"
35843159,"[4699587, 32624811, 48544133, 49528720, 44205344, 12161313, 1834140, 48543405, 7998150, 11037163]","[0.96181118488311768, 0.8855586051940918, 0.84750127792358398, 0.7304232120513916, 0.67255210876464844, 0.54717069864273071, 0.54674696922302246, 0.5456426739692688, 0.49874940514564514, 0.48007485270500183]"
44442359,"[48543405, 35843159, 32624811, 4699587, 44205344, 49528720, 48544133, 11037163, 1834140, 7998150]","[0.98984813690185547, 0.43368986248970032, 0.40125492215156555, 0.38648730516433716, 0.35959896445274353, 0.34543648362159729, 0.27292051911354065, 0.2440037727355957, 0.20841290056705475, 0.17752012610435486]"
32624811,"[35843159, 4699587, 48544133, 12161313, 49528720, 44205344, 53983075, 1834140, 48543405, 11037163]","[0.8855586051940918, 0.84576380252838135, 0.70674622058868408, 0.70137983560562134, 0.68482565879821777, 0.59874916076660156, 0.55149281024932861, 0.51105672121047974, 0.50695139169692993, 0.45744150876998901]"
48544133,"[35843159, 4699587, 37932891, 32624811, 49528720, 44205344, 11037163, 48543405, 12161313, 1834140]","[0.84750127792358398, 0.7991911768913269, 0.76212751865386963, 0.70674622058868408, 0.59771007299423218, 0.54371845722198486, 0.39634546637535095, 0.37540566921234131, 0.34837627410888672, 0.32819369435310364]"
39031173,"[7998150, 4699587, 35843159, 32624811, 44205344, 49528720, 48544133, 22613851, 11037163, 48543405]","[0.30369946360588074, 0.18980215489864349, 0.18526919186115265, 0.18354751169681549, 0.14337366819381714, 0.14064513146877289, 0.1381257176399231, 0.12898606061935425, 0.11587203294038773, 0.10844982415437698]"
49437687,"[35843159, 4699587, 32624811, 49528720, 44205344, 48544133, 11037163, 48543405, 7998150, 1834140]","[0.34656015038490295, 0.33162069320678711, 0.32881641387939453, 0.31942334771156311, 0.30071228742599487, 0.23414082825183868, 0.20950788259506226, 0.18623831868171692, 0.15835079550743103, 0.15468332171440125]"
8341386,"[7672194, 4135811, 22078621, 32624811, 35843159, 4699587, 49528720, 48544133, 44205344, 36205810]","[0.99559396505355835, 0.99553978443145752, 0.13573336601257324, 0.12980005145072937, 0.098364554345607758, 0.088905468583106995, 0.069008193910121918, 0.067529283463954926, 0.061602752655744553, 0.061576284468173981]"
53983075,"[48665904, 32624811, 12161313, 976910, 4699587, 35843159, 48544133, 49528720, 44205344, 48543405]","[0.94548612833023071, 0.55149281024932861, 0.50861412286758423, 0.40955278277397156, 0.28872615098953247, 0.28593584895133972, 0.2294372022151947, 0.2050783783197403, 0.18940167129039764, 0.15760825574398041]"
48665904,"[53983075, 976910, 32624811, 12161313, 43220839, 4699587, 35843159, 48544133, 44205344, 48543405]","[0.94548612833023071, 0.46108514070510864, 0.39766913652420044, 0.36581534147262573, 0.30056914687156677, 0.16426369547843933, 0.15337862074375153, 0.13259682059288025, 0.11533790081739426, 0.10241347551345825]"
54094322,"[27545231, 35843159, 44205344, 32624811, 4699587, 49528720, 48544133, 48543405, 11037163, 44442359]","[0.34572139382362366, 0.22773715853691101, 0.2197563499212265, 0.21094714105129242, 0.20275320112705231, 0.1821865439414978, 0.14586086571216583, 0.11074046045541763, 0.10900891572237015, 0.094667553901672363]"
49528720,"[35843159, 4699587, 32624811, 48544133, 44205344, 48543405, 1765458, 11037163, 7998150, 47186850]","[0.7304232120513916, 0.69100940227508545, 0.68482565879821777, 0.59771007299423218, 0.45925477147102356, 0.43569111824035645, 0.43141412734985352, 0.40463519096374512, 0.37705245614051819, 0.3742537796497345]"
33777,"[851060, 43590845, 42497710, 1419205, 300591, 755842, 37042447, 42614454, 42614451, 737610]","[0.80987203121185303, 0.73813521862030029, 0.73119491338729858, 0.71338772773742676, 0.70952695608139038, 0.68927836418151855, 0.65405291318893433, 0.64989715814590454, 0.6475188136100769, 0.63245284557342529]"
1543375,"[3150676, 30900743, 47186850, 31823392, 39434697, 49475203, 34921437, 33777, 32401760, 851060]","[0.61631673574447632, 0.57985514402389526, 0.57624411582946777, 0.39478558301925659, 0.36614343523979187, 0.36261126399040222, 0.35648518800735474, 0.31228426098823547, 0.2731778621673584, 0.25863441824913025]"
30900743,"[1543375, 47186850, 39434697, 42497710, 43590845, 52243894, 851060, 33777, 32401760, 300591]","[0.57985514402389526, 0.19143904745578766, 0.17675140500068665, 0.15196932852268219, 0.14649908244609833, 0.12944430112838745, 0.12697456777095795, 0.11993107944726944, 0.10984034091234207, 0.087490327656269073]"
34921437,"[34416218, 1543375, 39353382, 970251, 3150676, 42497710, 39434697, 43590845, 47186850, 33777]","[0.81823837757110596, 0.35648518800735474, 0.33596318960189819, 0.31814265251159668, 0.30862995982170105, 0.20266667008399963, 0.18752709031105042, 0.18016962707042694, 0.1794162392616272, 0.17726047337055206]"
851060,"[42497710, 43590845, 33777, 1419205, 300591, 755842, 37042447, 737610, 42614451, 42614454]","[0.8645099401473999, 0.84820425510406494, 0.80987203121185303, 0.77564668655395508, 0.74482595920562744, 0.73616242408752441, 0.7219158411026001, 0.72048652172088623, 0.71584177017211914, 0.71485757827758789]"
737610,"[37042447, 42614454, 300591, 53720250, 42614451, 1419205, 851060, 43590845, 49735416, 33777]","[0.88854634761810303, 0.80337119102478027, 0.77983003854751587, 0.77301913499832153, 0.76832401752471924, 0.74730581045150757, 0.72048652172088623, 0.65221524238586426, 0.64197278022766113, 0.63245284557342529]"
1419205,"[43590845, 37042447, 851060, 737610, 33777, 42614454, 300591, 755842, 42497710, 42614451]","[0.89541983604431152, 0.82740253210067749, 0.77564668655395508, 0.74730581045150757, 0.71338772773742676, 0.66350251436233521, 0.65923106670379639, 0.63049888610839844, 0.60688763856887817, 0.58062052726745605]"
755842,"[19600264, 300591, 42614451, 42497710, 42614454, 49735416, 851060, 43590845, 33777, 52243894]","[0.8317573070526123, 0.82899564504623413, 0.81677263975143433, 0.80926430225372314, 0.7563316822052002, 0.74029082059860229, 0.73616242408752441, 0.71766930818557739, 0.68927836418151855, 0.6433369517326355]"
3150676,"[1543375, 34921437, 39434697, 47186850, 33777, 53720250, 300591, 11159584, 52243894, 42614454]","[0.61631673574447632, 0.30862995982170105, 0.29843875765800476, 0.24701341986656189, 0.24071924388408661, 0.22184450924396515, 0.2149721086025238, 0.19284489750862122, 0.18945761024951935, 0.18036036193370819]"
23638008,"[300591, 42614454, 37042447, 737610, 42614451, 47132135, 1419205, 755842, 33777, 851060]","[0.66615384817123413, 0.65026247501373291, 0.6180260181427002, 0.59880286455154419, 0.59047335386276245, 0.57446736097335815, 0.55519628524780273, 0.51170063018798828, 0.49429899454116821, 0.48849788308143616]"
37042447,"[737610, 1419205, 42614454, 300591, 42614451, 43590845, 851060, 37132109, 33777, 755842]","[0.88854634761810303, 0.82740253210067749, 0.81921756267547607, 0.79218441247940063, 0.76082569360733032, 0.72336602210998535, 0.7219158411026001, 0.68899273872375488, 0.65405291318893433, 0.64142805337905884]"
37132109,"[37042447, 1419205, 300591, 42614454, 737610, 851060, 33777, 42614451, 43590845, 23638008]","[0.68899273872375488, 0.55408930778503418, 0.54917669296264648, 0.53896290063858032, 0.53344452381134033, 0.50623393058776855, 0.48897197842597961, 0.4840945303440094, 0.42769473791122437, 0.42038556933403015]"
19600264,"[42614451, 300591, 755842, 42497710, 49735416, 42614454, 52243894, 737610, 851060, 33777]","[0.8757743239402771, 0.84964144229888916, 0.8317573070526123, 0.77347284555435181, 0.76971679925918579, 0.74595910310745239, 0.66277068853378296, 0.55032002925872803, 0.5495903491973877, 0.54026585817337036]"
32401760,"[3665431, 39434697, 47186850, 851060, 42497710, 31823392, 1543375, 33777, 52243894, 49475203]","[0.7475706934928894, 0.49904662370681763, 0.40834575891494751, 0.29573145508766174, 0.28398510813713074, 0.27481788396835327, 0.2731778621673584, 0.24908226728439331, 0.24078352749347687, 0.22154183685779572]"
39434697,"[42497710, 47186850, 52243894, 851060, 32401760, 33777, 1543375, 43590845, 3150676, 37132109]","[0.58886128664016724, 0.57788640260696411, 0.54072052240371704, 0.52088987827301025, 0.49904662370681763, 0.39588817954063416, 0.36614343523979187, 0.33645638823509216, 0.29843875765800476, 0.29566723108291626]"
300591,"[42614451, 42614454, 19600264, 755842, 37042447, 737610, 42497710, 851060, 33777, 49735416]","[0.97765618562698364, 0.97124314308166504, 0.84964144229888916, 0.82899564504623413, 0.79218441247940063, 0.77983003854751587, 0.76279580593109131, 0.74482595920562744, 0.70952695608139038, 0.70473945140838623]"
42497710,"[851060, 755842, 19600264, 52243894, 300591, 43590845, 42614451, 33777, 42614454, 1419205]","[0.8645099401473999, 0.80926430225372314, 0.77347284555435181, 0.76591086387634277, 0.76279580593109131, 0.73798739910125732, 0.73505228757858276, 0.73119491338729858, 0.6491924524307251, 0.60688763856887817]"
42614451,"[300591, 42614454, 19600264, 755842, 737610, 37042447, 42497710, 851060, 49735416, 33777]","[0.97765618562698364, 0.9591209888458252, 0.8757743239402771, 0.81677263975143433, 0.76832401752471924, 0.76082569360733032, 0.73505228757858276, 0.71584177017211914, 0.70141178369522095, 0.6475188136100769]"
44137874,"[851060, 21303741, 47079044, 39434697, 42497710, 33777, 737610, 5625640, 4269567, 27545231]","[0.34153175354003906, 0.33075651526451111, 0.29745051264762878, 0.28283682465553284, 0.27820643782615662, 0.23939685523509979, 0.23177582025527954, 0.22936528921127319, 0.22632281482219696, 0.22349059581756592]"
43590845,"[1419205, 851060, 33777, 42497710, 37042447, 755842, 737610, 300591, 42614454, 42614451]","[0.89541983604431152, 0.84820425510406494, 0.73813521862030029, 0.73798739910125732, 0.72336602210998535, 0.71766930818557739, 0.65221524238586426, 0.64013200998306274, 0.6115574836730957, 0.57104849815368652]"
42614454,"[300591, 42614451, 37042447, 737610, 755842, 19600264, 851060, 1419205, 23638008, 33777]","[0.97124314308166504, 0.9591209888458252, 0.81921756267547607, 0.80337119102478027, 0.7563316822052002, 0.74595910310745239, 0.71485757827758789, 0.66350251436233521, 0.65026247501373291, 0.64989715814590454]"
47186850,"[31823392, 39434697, 1543375, 49475203, 851060, 42497710, 32401760, 1765458, 52243894, 49528720]","[0.58749717473983765, 0.57788640260696411, 0.57624411582946777, 0.44473645091056824, 0.43091756105422974, 0.41442915797233582, 0.40834575891494751, 0.40318968892097473, 0.37965080142021179, 0.3742537796497345]"
49475203,"[31823392, 47186850, 851060, 11004369, 755842, 300591, 42614451, 1543375, 2460099, 42614454]","[0.537700355052948, 0.44473645091056824, 0.42198336124420166, 0.39098834991455078, 0.37337541580200195, 0.37226703763008118, 0.36277073621749878, 0.36261126399040222, 0.35180473327636719, 0.3451383113861084]"
49735416,"[19600264, 755842, 300591, 42614451, 737610, 42614454, 37042447, 42497710, 52243894, 33777]","[0.76971679925918579, 0.74029082059860229, 0.70473945140838623, 0.70141178369522095, 0.64197278022766113, 0.63728064298629761, 0.62632256746292114, 0.58938384056091309, 0.49649465084075928, 0.47816437482833862]"
52243894,"[42497710, 19600264, 755842, 39434697, 49735416, 851060, 33777, 300591, 42614451, 43590845]","[0.76591086387634277, 0.66277068853378296, 0.6433369517326355, 0.54072052240371704, 0.49649465084075928, 0.4661986231803894, 0.43140065670013428, 0.41675883531570435, 0.40705922245979309, 0.40437722206115723]"
31823392,"[47186850, 49475203, 1543375, 755842, 32401760, 851060, 31823444, 31823494, 33777, 43590845]","[0.58749717473983765, 0.537700355052948, 0.39478558301925659, 0.30369323492050171, 0.27481788396835327, 0.26597285270690918, 0.25330263376235962, 0.25055557489395142, 0.17460677027702332, 0.16822642087936401]"
53720250,"[737610, 51074710, 37042447, 42614454, 300591, 42614451, 1419205, 23638008, 851060, 33777]","[0.77301913499832153, 0.59011119604110718, 0.5839846134185791, 0.55410873889923096, 0.55241048336029053, 0.50234109163284302, 0.48343592882156372, 0.46590480208396912, 0.44403627514839172, 0.43003901839256287]"
